{
    "937372389610754189": {
        "Nome": "Tina Gleinda Goblinoide",
        "Idade": "22",
        "Nível": "2",
        "Classe": "Arcanista/Bruxa",
        "Raça": "Goblin",
        "Origem": "Estudioso",
        "Alinhamento": "Caotico Neutro",
        "Deus": "Meu Macho",
        "XP": "2315",
        "Atributos": {
            "For": 0,
            "Des": 4,
            "Con": 3,
            "Int": 4,
            "Sab": 1,
            "Car": 2
        },
        "Personagem": {
            "Defesa": 14,
            "CD": 16,
            "Pm": 16,
            "PmMax": 16,
            "Hp": 16,
            "HpMax": 16,
            "Iniciativa": 0,
            "Deslocamento": 9,
            "MetadeDoNivel": 0
        },
        "Perícias": {
            "Acrobacia (Des)": 0,
            "Adestramento (Car)": 0,
            "Atletismo (For)": 0,
            "Atuação (Car)": 0,
            "Cavalgar (Des)": 0,
            "Conhecimento (Int)": 7,
            "Cura (Sab)": 0,
            "Diplomacia (Car)": 0,
            "Enganação (Car)": 0,
            "Fortitude (Con)": 6,
            "Furtividade (Des)": 9,
            "Guerra (Int)": 0,
            "Iniciativa (Des)": 0,
            "Intimidação (Car)": 5,
            "Intuição (Sab)": 0,
            "Investigação (Int)": 7,
            "Jogatina (Car)": 0,
            "Ladinagem (Des)": 0,
            "Luta (For)": 0,
            "Misticismo (Int)": 8,
            "Nobreza (Int)": 0,
            "Ofício (Alquimia) (Int)": 7,
            "Percepção (Sab)": 0,
            "Pilotagem (Des)": 0,
            "Pontaria (Des)": 0,
            "Reflexos (Des)": 6,
            "Religião (Sab)": 0,
            "Sobrevivência (Sab)": 0,
            "Vontade (Sab)": 7
        },
        "inventario": [
            {
                "nome": "mochila",
                "preco": "2",
                "peso": "0",
                "descricao": "Sem descrição"
            },
            {
                "nome": "Traje viajante",
                "preco": "10",
                "peso": "0",
                "descricao": "Sem descrição"
            },
            {
                "nome": "Saco de mimi",
                "preco": "1",
                "peso": "1",
                "descricao": "Sem descrição"
            },
            {
                "nome": "8 ração de viagem",
                "preco": "4",
                "peso": "4",
                "descricao": "Sem descrição"
            },
            {
                "nome": "Algema",
                "preco": "15",
                "peso": "1",
                "descricao": "Sem descrição"
            },
            {
                "nome": "Poção Media de Vida: 4d8+4",
                "preco": "1350",
                "peso": "2,5",
                "descricao": "Sem descrição"
            },
            {
                "nome": "Poção Media de Mana: 4d4+4",
                "preco": "N/A",
                "peso": "N/A",
                "descricao": "Sem descrição"
            },
            {
                "tipo": "item_geral",
                "nome": "Varinha Arcana",
                "descricao": null,
                "preco": "100",
                "peso": "1",
                "quantidade": null
            }
        ],
        "poderes": [
            {
                "nome": "Caminho do Arcanista",
                "tipo": "Poder de Classe",
                "descricao": "• Bruxo. Você lança magias através de um \nfoco — uma varinha, cajado, chapéu... Para lançar \numa magia, você precisa empunhar o foco com uma \nmão (e gesticular com a outra) ou fazer um teste de \nMisticismo (CD 20 + o custo em PM da magia; se \nfalhar, a magia não funciona, mas você gasta os PM \nmesmo assim). O foco tem RD 10 e PV iguais à metade\ndos seus, independentemente de seu material \nou forma. Se for danificado, é totalmente restaurado \nna próxima vez que você recuperar seus PM. Se for \ndestruído (reduzido a 0 PV), você fica atordoado por \numa rodada. Você pode recuperar um foco destruído \nou perdido com uma semana de trabalho e T$ 100. \nSeu atributo-chave para magias é Inteligência"
            },
            {
                "nome": "Magias",
                "tipo": "Poder de Classe",
                "descricao": "Magias. Você pode lançar magias arcanas de 1º círculo. A cada quatro níveis, pode lançar magias de um círculo maior (2º círculo no 5º nível, 3º círculo no 9º nível e assim por diante). Você começa com três magias de 1º círculo. A cada nível, aprende uma magia de qualquer círculo que possa lançar. Seu atributo-chave para lançar magias é definido pelo seu Caminho (veja acima) e você soma o bônus do atributo-chave no seu total de PM. Veja o Capítulo 4 para as regras de magia."
            },
            {
                "nome": "Magia Ilimitada",
                "tipo": "Poder Geral Magia",
                "descricao": "Você soma seu atributo-chave no limite de PM que pode gastar numa magia. Por exemplo, um arcanista de 5º nível com Int 4 e este poder pode gastar até 9 PM em cada magia."
            }
        ]
    },
    "600538417419517974": {
        "Nome": "Laysander Morwulf",
        "Idade": "18",
        "Nível": "1",
        "Classe": "Nobre",
        "Raça": "Moreau (Lobo)",
        "Origem": "Selvagem",
        "Alinhamento": "Caótico &  Bondoso (CB)",
        "Deus(a)": "Sszzas",
        "Atributos": {
            "For": "2 + 1 = 3",
            "Des": "3",
            "Con": "3 + 1 = 4",
            "Int": "2",
            "Sab": "1",
            "Car": "4 + 1 = 5"
        },
        "Personagem": {
            "CA": "18",
            "CD": "15",
            "HP": "21",
            "PM": "4",
            "Iniciativa": "+5",
            "Deslocamento": "9m",
            "Bônus de Proficiência": "+2"
        },
        "Perícias": {
            "!Acrobacia (Des)": "+2",
            "^Adestramento (Car)": "-",
            "Atletismo (For)": "+3",
            "^Atuação (Car)": "-",
            "Cavalgar (Des)": "+3",
            "^Conhecimento (Int)": "+4",
            "Cura (Sab)": "+1",
            "Diplomacia (Car)": "+7",
            "Enganação (Car)": "+5",
            "Fortitude (Con)": "+8",
            "!Furtividade (Des)": "+4",
            "^Guerra (Int)": "+4",
            "Iniciativa (Des)": "+5 -2 = +3",
            "Intimidação (Car)": "+7",
            "Intuição (Sab)": "+1",
            "Investigação (Int)": "+2",
            "^Jogatina (Car)": "-",
            "!^Ladinagem (Des)": "-",
            "Luta (For)": "+5",
            "^Misticismo (Int)": "+4",
            "^Nobreza (Int)": "+4",
            "^Ofício (Int)": "-",
            "^Ofício Alquimia (Int)": "+4",
            "Percepção (Sab)": "+3 -2 = +1",
            "^Pilotagem (Des)": "+5",
            "Pontaria (Des)": "+3-2= +1",
            "Reflexos (Des)": "+5-2=+3",
            "^Religião (Sab)": "-",
            "Sobrevivência (Sab)": "+1",
            "Vontade (Sab)": "+3"
        },
        "inventario": [
            {
                "nome": "Mochila",
                "preco": "2",
                "peso": "0",
                "descricao": "Sem descrição"
            },
            {
                "nome": "Saco de dormir",
                "preco": "1",
                "peso": "0",
                "descricao": "Sem descrição"
            },
            {
                "nome": "Tetsubo",
                "preco": "20",
                "peso": "2",
                "descricao": "Dano: 1d10 Crit: 2"
            },
            {
                "nome": "Machado de Guerra",
                "preco": "20",
                "peso": "2",
                "descricao": "Dano: 1d12 Crit: 3"
            },
            {
                "nome": "escudo leve",
                "preco": "5",
                "peso": "1",
                "descricao": "def: +1, Pa:-1"
            },
            {
                "nome": "Armadura de couro batido",
                "preco": "35",
                "peso": "2",
                "descricao": "def: +3, Pa:-1"
            },
            {
                "nome": "Bola do Okarum",
                "preco": "0",
                "peso": "1",
                "descricao": "Bolas douradas do Okarum de DanDaDan"
            }
        ],
        "parceiro": [
            {
                "nome": "Nyoka",
                "tipo": "Montaria",
                "descricao": "Iniciante: Ignora terreno difícil, pode arrastar até 5 vezes seu peso normal por rodada e realizar testes de Força para empurrar objetos.\n\nVeterano: Pode atacar enquanto você está montado sem precisar descer.\n\nMestre: +5 metros de deslocamento e pode fazer dois ataques com a tromba (gastando 1 PM por ataque adicional)."
            }
        ]
    },
    "645379684112138275": {
        "Nome": "Lux Inferes",
        "Idade": "36",
        "Nível": 1,
        "Classe": "Mago",
        "Raça": "Elfo",
        "Origem": "Estudioso",
        "Alinhamento": "Neutro",
        "Deus": "Tenebra",
        "XP": 0,
        "Atributos": {
            "For": -1,
            "Des": 3,
            "Con": 2,
            "Int": 10,
            "Sab": 2,
            "Car": 0
        },
        "Personagem": {
            "Defesa": 15,
            "CD": 31,
            "Pm": 115,
            "PmMax": 115,
            "Hp": 66,
            "HpMax": 66,
            "Iniciativa": 0,
            "Deslocamento": 12,
            "MetadeDoNivel": 7
        },
        "Perícias": {
            "Acrobacia (Des)": 0,
            "Adestramento (Car)": 0,
            "Atletismo (For)": 0,
            "Atuação (Car)": 0,
            "Cavalgar (Des)": 0,
            "Conhecimento (Int)": 0,
            "Cura (Sab)": 0,
            "Diplomacia (Car)": 0,
            "Enganação (Car)": 0,
            "Fortitude (Con)": 0,
            "Furtividade (Des)": 0,
            "Guerra (Int)": 0,
            "Iniciativa (Des)": 0,
            "Intimidação (Car)": 0,
            "Intuição (Sab)": 0,
            "Investigação (Int)": 0,
            "Jogatina (Car)": 0,
            "Ladinagem (Des)": 0,
            "Luta (For)": 0,
            "Misticismo (Int)": 0,
            "Nobreza (Int)": 0,
            "Ofício (Alquimia) (Int)": 0,
            "Percepção (Sab)": 0,
            "Pilotagem (Des)": 0,
            "Pontaria (Des)": 0,
            "Reflexos (Des)": 0,
            "Religião (Sab)": 0,
            "Sobrevivência (Sab)": 0,
            "Vontade (Sab)": 0
        },
        "inventario": [
            {
                "tipo": "item_geral",
                "nome": "Varinha Arcana",
                "descricao": null,
                "preco": null,
                "peso": null,
                "quantidade": null
            }
        ],
        "poderes": [
            {
                "nome": "aaa",
                "tipo": "classe",
                "descricao": "aaaa"
            },
            {
                "nome": "bbb",
                "tipo": "combate",
                "descricao": "12545"
            }
        ]
    }
}