{
  "645379684112138275": {
    "Nome": "Aurora",
    "Idade": "25",
    "Nível": 1,
    "Classe": "Maga",
    "Raça": "elfa",
    "Origem": "estudiosa",
    "Alinhamento": "neutra",
    "Deus": "tanna-toh",
    "XP": 0,
    "Atributos": {
      "For": 0,
      "Des": 0,
      "Con": 0,
      "Int": 6,
      "Sab": 0,
      "Car": 0
    },
    "Personagem": {
      "Defesa": 0,
      "CD": 0,
      "Pm": 0,
      "PmMax": 0,
      "Hp": 0,
      "HpMax": 0,
      "Iniciativa": 0,
      "Deslocamento": 0,
      "MetadeDoNivel": 0
    },
    "Perícias": {
      "Acrobacia (Des)": 0,
      "Adestramento (Car)": 0,
      "Atletismo (For)": 0,
      "Atuação (Car)": 0,
      "Cavalgar (Des)": 0,
      "Conhecimento (Int)": 0,
      "Cura (Sab)": 0,
      "Diplomacia (Car)": 0,
      "Enganação (Car)": 0,
      "Fortitude (Con)": 0,
      "Furtividade (Des)": 0,
      "Guerra (Int)": 0,
      "Iniciativa (Des)": 0,
      "Intimidação (Car)": 0,
      "Intuição (Sab)": 0,
      "Investigação (Int)": 0,
      "Jogatina (Car)": 0,
      "Ladinagem (Des)": 0,
      "Luta (For)": 0,
      "Misticismo (Int)": 0,
      "Nobreza (Int)": 0,
      "Ofício (Alquimia) (Int)": 0,
      "Percepção (Sab)": 0,
      "Pilotagem (Des)": 0,
      "Pontaria (Des)": 0,
      "Reflexos (Des)": 0,
      "Religião (Sab)": 0,
      "Sobrevivência (Sab)": 0,
      "Vontade (Sab)": 0,
      "for": 1
    },
    "inventario": [
      "varinha arcana  100 tibars peso 1"
    ],
    "poderes": [
      {
        "nome": "Contramagica aprimorada",
        "tipo": "Classe",
        "descricao": "Uma vez por rodada, você pode fazer uma contramágica como uma reação"
      },
      {
        "nome": "Caminho Arcano",
        "tipo": "classe",
        "descricao": "• Mago. Você lança magias através de estudo e memorização de fórmulas arcanas. Você só pode lançar magias memorizadas; suas outras magias não podem ser lançadas, mesmo que você tenha pontos de mana para tal. Para memorizar magias, você precisa estudar seu grimório por uma hora. Quando faz isso, escolhe metade das magias que conhece (por exemplo, se conhece 7 magias, escolhe 3). Essas serão suas magias memorizadas. Você pode memorizar magias uma vez por dia. Caso não possa estudar (por não ter tempo, por ter perdido o grimório...), não poderá trocar suas magias memorizadas. Um grimório tem as mesmas estatísticas de um foco (veja acima) e pode ser recuperado da mesma forma. Você começa com uma magia adicional (para um total de 4) e, sempre que ganha acesso a um novo círculo de magias, aprende uma magia adicional daquele círculo. Seu atributo-chave para magias é Inteligência."
      },
      {
        "nome": "Astolfo",
        "tipo": "Perseguidor",
        "descricao": "aaa"
      }
    ],
    "parceiro": [
      {
        "nome": "ronaldo",
        "tipo": "ajudante",
        "descricao": "bbbb"
      }
    ],
    "magias": [
      {
        "nome": "explosao de chamas",
        "circulo": 1,
        "descricao": null
      }
    ]
  },
  "937372389610754189": {
    "Nome": "Tina Gleinda Goblinoide",
    "Idade": "25",
    "Nível": 1,
    "Classe": "Arcanista/Bruxa",
    "Raça": "Goblin",
    "Origem": "N lembro",
    "Alinhamento": "Caotico Neutro",
    "Deus": "Meu Macho",
    "XP": 0,
    "Atributos": {
      "For": 0,
      "Des": 0,
      "Con": 0,
      "Int": 0,
      "Sab": 0,
      "Car": 0
    },
    "Personagem": {
      "Defesa": 0,
      "CD": 0,
      "Pm": 0,
      "PmMax": 0,
      "Hp": 0,
      "HpMax": 0,
      "Iniciativa": 0,
      "Deslocamento": 0,
      "MetadeDoNivel": 0
    },
    "Perícias": {
      "Acrobacia (Des)": 0,
      "Adestramento (Car)": 0,
      "Atletismo (For)": 0,
      "Atuação (Car)": 0,
      "Cavalgar (Des)": 0,
      "Conhecimento (Int)": 0,
      "Cura (Sab)": 0,
      "Diplomacia (Car)": 0,
      "Enganação (Car)": 0,
      "Fortitude (Con)": 0,
      "Furtividade (Des)": 0,
      "Guerra (Int)": 0,
      "Iniciativa (Des)": 0,
      "Intimidação (Car)": 0,
      "Intuição (Sab)": 0,
      "Investigação (Int)": 0,
      "Jogatina (Car)": 0,
      "Ladinagem (Des)": 0,
      "Luta (For)": 0,
      "Misticismo (Int)": 0,
      "Nobreza (Int)": 0,
      "Ofício (Alquimia) (Int)": 0,
      "Percepção (Sab)": 0,
      "Pilotagem (Des)": 0,
      "Pontaria (Des)": 0,
      "Reflexos (Des)": 0,
      "Religião (Sab)": 0,
      "Sobrevivência (Sab)": 0,
      "Vontade (Sab)": 0
    },
    "inventario": [
      "Poção Fraca 4d6+4"
    ]
  }
}